id;mobile_no;dob;house_no;street;city;state;country;pincode
1;Networked Sleek Metal Table Small;2020-09-16;red;Jarrell Turnpike;TEHRI;UTTARPRADESH;USA;20306
2;Brand;2020-09-16;Chilean Peso Unidades de fomento;Lindsey Trail;DEHRADUN;UTTRAKHAND;USA;21844
3;e-business;2020-09-16;projection Fresh;Ullrich Island;DEHRADUN;HARYANA;INDIA;695
4;Borders;2020-09-16;magenta Concrete;Weissnat Hill;DEHRADUN;HARYANA;AUSTRALIA;25391
5;Exclusive Moroccan Dirham card;2020-09-17;Supervisor;Weston Freeway;DEHRADUN;UTTARPRADESH;INDIA;63435
6;Canadian Dollar;2020-09-16;Way Dominican Republic;Armando Pike;TEHRI;UTTRAKHAND;USA;47030
7;Orchestrator deliver;2020-09-16;optical;Lakin Curve;DELHI;MADHYAPRADESH;USA;51209
8;Future-proofed deposit Sausages;2020-09-16;synthesize Creative;Evan Crest;GURGAON;UTTRAKHAND;INDIA;81722
9;Macao Equatorial Guinea Vision-oriented;2020-09-17;Customer Human deposit;Heidenreich Hills;GURGAON;HARYANA;USA;8413
10;Cheese Dynamic Home Loan Account;2020-09-17;Unbranded invoice;Crooks Avenue;TEHRI;UTTARPRADESH;USA;23724
